<?xml version="1.0" encoding="utf-8"?>
<!-- Author: minh.hquang09@gmail.com -->
<templates>
    <!-- Qweb templates for Backend -->
    <t t-extend="UserMenu">
        <t t-jquery="ul" t-operation="replace">
            <ul class="dropdown-menu">
                <li><a href="#" data-menu="settings">Preferences</a></li>
                <li><a href="#" data-menu="about">About Development</a></li>
                <li><a href="#" data-menu="logout">Log out</a></li>
            </ul>
        </t>
    </t>
</templates>