<template>
  <div t-name="theme-switcher">
    <div class="theme-switcher">
      <div class="form_holder">
        <div class="">
          <div class="col-lg-12 col-md-12 col-sm-12 col-xs-12">
            <ul class="row nav nav-tabs">
              <li class="active"><a data-toggle="tab" href="#theme_switcher">THEME</a></li>
            </ul>
            <div class="tab-content">
              <div id="theme_switcher" class="tab-pane fade in active show">
                <div class="side_switch_button mt8">
                  <p class="pull-left" style="padding-bottom: 0px;padding-top: 5px;">Background Image</p>
                  <p class="pull-right" style="padding-bottom: 0px;margin-bottom: 0px; margin-right: 8px;">
                    <label class="switch">
                      <input type="checkbox" name="bg_image" class="bg_image"/>
                      <span class="slider round"></span>
                    </label>
                  </p>
                </div>
                <div class="clearfix"></div>
                <div class="theme_switcher">
                  <div class="s_subheading mt8 mb8 text-center">SKINS</div>
                  <a class="switch_style" data-theme="orange" href="#" title="Orange">
                    <img alt="Orange" class="img-thumbnail" src="/odoo_shoppe_backend_theme/static/src/img/theme_switcher/orange.png"/>
                  </a>
                  <a class="switch_style" data-theme="gray_black" href="#" title="Gray Black">
                    <img alt="Gray Black" class="img-thumbnail" src="/odoo_shoppe_backend_theme/static/src/img/theme_switcher/gray_black.png"/>
                  </a>
                  <a class="switch_style" data-theme="white" href="#" title="Odoo">
                    <img alt="White" class="img-thumbnail" src="/odoo_shoppe_backend_theme/static/src/img/theme_switcher/white.png"/>
                  </a>
                  <a class="switch_style" data-theme="prussian" href="#" title="Dark Blue">
                    <img alt="Dark Blue" class="img-thumbnail" src="/odoo_shoppe_backend_theme/static/src/img/theme_switcher/dark_blue.png"/>
                  </a>
                  <a class="switch_style" data-theme="blue" href="#" title="Blue">
                    <img alt="Blue" class="img-thumbnail" src="/odoo_shoppe_backend_theme/static/src/img/theme_switcher/blue.png"/>
                  </a>
                  <a class="switch_style" data-theme="grey" href="#" title="Grey">
                    <img alt="Grey" class="img-thumbnail" src="/odoo_shoppe_backend_theme/static/src/img/theme_switcher/grey.png"/>
                  </a>
                  <a class="switch_style" data-theme="dark_red" href="#" title="Dark Red">
                    <img alt="Dark Red" class="img-thumbnail" src="/odoo_shoppe_backend_theme/static/src/img/theme_switcher/dark_red.png"/>
                  </a>
                  <a class="switch_style" data-theme="pink" href="#" title="Pink">
                    <img alt="Pink" class="img-thumbnail" src="/odoo_shoppe_backend_theme/static/src/img/theme_switcher/pink.png"/>
                  </a>
                  <a class="switch_style" data-theme="yellow_green" href="#" title="Yellow Green">
                    <img alt="Yellow Green" class="img-thumbnail" src="/odoo_shoppe_backend_theme/static/src/img/theme_switcher/yellow_green.png"/>
                  </a>
                </div>
                <div class="cover_switcher">
                  <div class="s_subheading mt8 mb8 text-center">SIDEBAR IMAGES</div>
                  <a class="switch_cover" data-cover="cover_black" href="#" title="Black">
                    <img alt="Black" class="img-thumbnail" src="/odoo_shoppe_backend_theme/static/src/img/cover_switcher/cover_black.jpg"/>
                  </a>
                  <!--<a class="switch_cover" data-cover="cover_farm" href="#" title="Farm">
                    <img alt="Farm" class="img-thumbnail" src="/odoo_shoppe_backend_theme/static/src/img/cover_switcher/cover_farm.jpg"/>
                  </a> -->
                  <a class="switch_cover" data-cover="cover_red" href="#" title="Red">
                    <img alt="Red" class="img-thumbnail" src="/odoo_shoppe_backend_theme/static/src/img/cover_switcher/cover_red.jpg"/>
                  </a>
                  <a class="switch_cover" data-cover="cover_regular" href="#" title="Regular">
                    <img alt="Regular" class="img-thumbnail" src="/odoo_shoppe_backend_theme/static/src/img/cover_switcher/cover_regular.jpg"/>
                  </a>
                  <a class="switch_cover" data-cover="cover_rose" href="#" title="Rose">
                    <img alt="Rose" class="img-thumbnail" src="/odoo_shoppe_backend_theme/static/src/img/cover_switcher/cover_rose.jpg"/>
                  </a>
                  <a class="switch_cover" data-cover="cover_sky" href="#" title="Sky">
                    <img alt="Sky" class="img-thumbnail" src="/odoo_shoppe_backend_theme/static/src/img/cover_switcher/cover_sky.jpg"/>
                  </a>
                  <a class="switch_cover" data-cover="cover_sunrise" href="#" title="Sunrise">
                    <img alt="Sunrise" class="img-thumbnail" src="/odoo_shoppe_backend_theme/static/src/img/cover_switcher/cover_sunrise.jpg"/>
                  </a>
                  <a class="switch_cover" data-cover="cover_way" href="#" title="Way">
                    <img alt="Way" class="img-thumbnail" src="/odoo_shoppe_backend_theme/static/src/img/cover_switcher/cover_way.jpg"/>
                  </a>
                  <a class="switch_cover" data-cover="cover_design" href="#" title="Design 1">
                    <img alt="Design 1" class="img-thumbnail" src="/odoo_shoppe_backend_theme/static/src/img/cover_switcher/cover_design.jpg"/>
                  </a>
                  <a class="switch_cover" data-cover="cover_design2" href="#" title="Design 2">
                    <img alt="Design 2" class="img-thumbnail" src="/odoo_shoppe_backend_theme/static/src/img/cover_switcher/cover_design2.jpg"/>
                  </a>
                </div>

                <a href="https://apps.odoo.com/apps/themes/12.0/odoo_shoppe_backend_theme/" target="new" class="mt8 btn btn-success btn-block" style="background-color: #ffa534; color: #FFF; font-weight: bold;">Buy Now</a>    
                <hr style="margin-top: 10px; margin-bottom: 10px;" />
                <div>
                  <p class="text-center" style="padding-bottom: 0px;">Thank you for sharing!</p>
                  <div class="social_share_sidepanel text-center">
                    <ul class="social-network social-circle">
                        <li><a href="#" class="icoFacebook" title="Facebook"><i class="fa fa-facebook"></i></a></li>
                        <li><a href="#" class="icoTwitter" title="Twitter"><i class="fa fa-twitter"></i></a></li>
                        <li><a href="#" class="icoLinkedin" title="LinkedIn +"><i class="fa fa-linkedin"></i></a></li>
                    </ul>
                  </div>
                </div>
              </div>
            </div>
          </div>
        </div>
      </div>
    </div>
  </div>

  <t t-name="ThemeSwicherSysTray">
    <li class="o_theme_swicher_navbar_item">
       <a class="theme-switcher-toggler" href="#" title="Settings">
          <i class="fa fa-cog fa-spin"/>
      </a>
    </li>
  </t>

  <t t-extend="UserMenu">
    <t t-jquery=".o_user_menu" t-operation="before">
      <li class="o_theme_swicher_item">
         <a class="theme-switcher-toggler" href="#" title="Settings">
            <i class="fa fa-cog fa-spin"/>
        </a>
      </li>
    </t>
    <t t-jquery=".o_user_menu" t-operation="after">
      <li class="oneclick_logout"><a class="oneclick_logout" href="#" data-menu="logout" title="Logout"><i class="fa fa-sign-out"></i></a></li>
    </t>
  </t>

  <t t-name="UserLeft">
    <div class="photo">
      <img class="oe_topbar_avatar" t-att-data-default-src="_s + '/web/static/src/img/user_menu_avatar.png'"/>
    </div>
    <div class="info">
      <a class="collapsed" data-toggle="collapse" href="#userleft" id="user_name" aria-expanded="false"><span class="oe_topbar_name"/> <b class="caret"></b></a>
      <div class="collapse" id="userleft" aria-expanded="false" style="height: 0px;">
        <ul class="nav">
          <li><a href="#" data-menu="settings"><i class="fa fa-cog"></i> Settings </a></li>
          <li><a href="#" data-menu="logout"><i class="fa fa-sign-out"></i> Log out</a></li>
        </ul>
      </div>
    </div>
  </t>

  <header t-extend="Menu">
    <t t-jquery=".o_menu_apps" t-operation="before">
      <ul class="toogle_ul"><li><a class="toggle-slidebar"><i class="fa fa-bars"></i></a></li></ul>
    </t>
  </header>

<!--   <t t-name="DrawerUser">
    <div class="photo">
      <img class="oe_topbar_avatar" t-att-data-default-src="_s + '/web/static/src/img/user_menu_avatar.png'"/>
    </div>
    <div class="info">
      <div>
        <span class="oe_topbar_name"/>
      </div>
    </div>
  </t>

  <t t-extend="SearchView">
      <t t-jquery="span.o_searchview_more" t-operation="before">
          <div class="o_searchview_search fa fa-lg fa-search" title="Search Again"></div>
      </t>
  </t> -->

<!--   <t t-name="FormView.buttons">
    <t t-jquery="div.o_form_buttons_view" t-operation="replace">
      <div class="o_form_buttons_view">
          <button t-if="widget.is_action_enabled('edit')" type="button"
                  class="btn btn-primary btn-sm o_form_button_edit" accesskey="a">
            <i class="fa fa-pencil btn_ico" aria-hidden="true"></i>
            <span class="btn_txt">Edit</span>
          </button>
          <button t-if="widget.is_action_enabled('create')" type="button"
                  class="btn btn-default btn-sm o_form_button_create" accesskey="c">
            <i class="fa fa-plus btn_ico" aria-hidden="true"></i>
            <span class="btn_txt">Create</span>
          </button>
      </div>
      <div class="o_form_buttons_edit">
          <button type="button"
                  class="btn btn-primary btn-sm o_form_button_save" accesskey="s">
            <i class="fa fa-floppy-o btn_ico" aria-hidden="true"></i>
            <span class="btn_txt">Save</span>
          </button>
          <button type="button"
                  class="btn btn-default btn-sm o_form_button_cancel" accesskey="j">
            <i class="fa fa-times btn_ico" aria-hidden="true"></i>
            <span class="btn_txt">Discard</span>
          </button>
      </div>
    </t>
  </t>

  <t t-name="ListView.buttons">
    <t t-jquery="div.o_list_buttons" t-operation="replace">
      <div class="o_list_buttons">
          <t t-if="widget.is_action_enabled('create')">
            <button type="button" class="btn btn-primary btn-sm o_list_button_add" accesskey="c">
              <i class="fa fa-plus btn_ico" aria-hidden="true"></i>
              <span class="btn_txt">Create</span>
            </button>
          </t>
          <button type="button" class="btn btn-primary btn-sm o_list_button_save" accesskey="s">
            <i class="fa fa-floppy-o btn_ico" aria-hidden="true"></i>
            <span class="btn_txt">Save</span>
          </button>
          <button type="button" class="btn btn-default btn-sm o_list_button_discard" accesskey="j">
            <i class="fa fa-times btn_ico" aria-hidden="true"></i>
            <span class="btn_txt">Discard</span>
          </button>
      </div>
    </t>
  </t> -->

  <t t-extend="ImportView.import_button">
    <t t-jquery="button" t-operation="replace">
      <button t-if='widget and widget.importEnabled' type="button" class="btn btn-sm btn-default o_button_import" title="Import">
        <i class="fa fa-cloud-download btn_ico" aria-hidden="true"></i>
        <span class="btn_txt">Import</span>
      </button>
    </t>
  </t>

  <t t-extend="KanbanView.buttons">
    <t t-jquery="div > button" t-operation="replace">
      <div style="display: inline;">
        <button type="button" class="btn btn-primary btn-sm o-kanban-button-new" accesskey="c">
          <i class="fa fa-plus btn_ico" aria-hidden="true"></i>
          <span class="btn_txt"><t t-esc="create_text || _t('Create')"/></span>
        </button>
      </div>
    </t>
  </t>

<!--   <t t-extend="Sidebar">
    <t t-jquery="div.o_dropdown button:first-child" t-operation="replace">
      <button type="button" class="btn btn-default dropdown-toggle"
              t-if="section.name != 'buttons'"
              data-toggle="dropdown">
        <t t-if="section.name == 'files'" t-raw="widget.items[section.name].length || ''"/>
        <t t-if="section.label == 'Print'">
            <i class="fa fa-print btn_ico" aria-hidden="true"></i>
            <span class="btn_txt"><t t-esc="section.label"/></span>
        </t>
        <t t-if="section.label == 'Attachment(s)'">
            <i class="fa fa-paperclip btn_ico" aria-hidden="true"></i>
            <span class="btn_txt"><t t-esc="section.label"/></span>
        </t>
        <t t-if="section.label != 'Attachment(s)' and section.label != 'Print'">
          <i class="fa fa-chevron-circle-down btn_ico" aria-hidden="true"></i>
            <span class="btn_txt"><t t-esc="section.label"/></span>
        </t>
        <span class="caret"></span>
      </button>
    </t>
  </t> -->

<!--   <t t-extend="ControlPanel">
    <t t-jquery="div.o_control_panel" t-operation="replace">
      <div class="o_control_panel">
        <div class="container" style="width: 100%; padding-left: 0px; padding-right: 0px;">
          <div class="row visible-sm visible-xs" style="width: 100%;">
            <div class="col-xs-12">
              <div class="row">
                <ol class="breadcrumb"/>
                <div class="toogle_cnt_btn">
                  <a class="toogle_control_panel" title="Toggle Actions">
                    <i class="fa fa-bars"></i>
                  </a>
                </div>
              </div>
            </div>
          </div>
        </div>
        <ol class="breadcrumb hidden-sm hidden-xs"/>
        <div class="o_cp_searchview"/>
        <div class="o_cp_left">
            <div class="o_cp_buttons"/>
            <div class="o_cp_sidebar"/>
        </div>
        <div class="o_cp_right">
            <div class="btn-group o_search_options"/>
            <div class="o_cp_pager"/>
            <div class="btn-group btn-group-sm o_cp_switch_buttons"/>
        </div>
      </div>
    </t>
  </t> -->

  <t t-extend="SearchView.FilterMenu">
    <t t-jquery="button.o_dropdown_toggler_btn" t-operation="replace">
      <button type="button" class="btn btn-default dropdown-toggle" data-toggle="dropdown">
        <span class="fa fa-filter"/> <span class="btn1_txt">Filters</span> <span class="caret"/>
      </button>
    </t>
  </t>

  <t t-extend="SearchView.GroupByMenu">
    <t t-jquery="button.o_dropdown_toggler_btn" t-operation="replace">
      <button type="button" class="btn btn-default dropdown-toggle" data-toggle="dropdown">
        <span class="fa fa-bars"/> <span class="btn1_txt">Group By</span> <span class="caret"/>
      </button>
    </t>
  </t>

  <t t-extend="SearchView.FavoriteMenu">
    <t t-jquery="button:first" t-operation="replace">
      <button type="button" class="btn btn-default dropdown-toggle" data-toggle="dropdown">
        <span class="fa fa-star"/> <span class="btn1_txt">Favorites</span> <span class="caret"/>
      </button>
    </t>
  </t>
  
</template>
